{
  "2003 LN6:2026-Jun-18 20:58": {
    "dist_au": 0.00947034480140003,
    "dist_ld": 3.686393461035434,
    "h": 24.74,
    "severity": "info",
    "v_rel_kms": 3.92022896905696
  },
  "2026 MA1:2026-Jun-19 11:46": {
    "dist_au": 0.00461755246066382,
    "dist_ld": 1.7974124019711248,
    "h": 27.24,
    "severity": "high",
    "v_rel_kms": 8.36572692306173
  },
  "2026 MB1:2026-Jun-18 20:56": {
    "dist_au": 0.00206035550992415,
    "dist_ld": 0.8020068158521408,
    "h": 26.481,
    "severity": "critical",
    "v_rel_kms": 9.13240084886755
  },
  "2026 MC2:2026-Jun-25 19:00": {
    "dist_au": 0.00760321187470138,
    "dist_ld": 2.9595997955240874,
    "h": 28.325,
    "severity": "high",
    "v_rel_kms": 3.05528286639227
  },
  "2026 ME3:2026-Jun-18 08:23": {
    "dist_au": 0.00244364608280259,
    "dist_ld": 0.9512051704175126,
    "h": 29.942,
    "severity": "critical",
    "v_rel_kms": 11.8576616074158
  },
  "2026 MF1:2026-Jun-18 15:31": {
    "dist_au": 0.00848876477745527,
    "dist_ld": 3.3043070367673293,
    "h": 27.127,
    "severity": "info",
    "v_rel_kms": 11.5972715839174
  },
  "2026 MH:2026-Jun-21 11:07": {
    "dist_au": 0.00119794656497532,
    "dist_ld": 0.46630851108420396,
    "h": 28.745,
    "severity": "critical",
    "v_rel_kms": 4.40614294684364
  },
  "2026 MJ1:2026-Jun-30 01:40": {
    "dist_au": 0.00388856901726585,
    "dist_ld": 1.5136508436223628,
    "h": 27.321,
    "severity": "high",
    "v_rel_kms": 4.33433009346398
  },
  "2026 MK:2026-Jun-19 00:47": {
    "dist_au": 0.0126936542833266,
    "dist_ld": 4.941087693003737,
    "h": 26.709,
    "severity": "info",
    "v_rel_kms": 9.17360721253119
  },
  "2026 MN2:2026-Jun-25 15:07": {
    "dist_au": 0.0102794458467354,
    "dist_ld": 4.001341318308836,
    "h": 26.803,
    "severity": "info",
    "v_rel_kms": 7.56913814972301
  },
  "2026 MO:2026-Jun-19 10:06": {
    "dist_au": 0.00932706087441049,
    "dist_ld": 3.6306192582368584,
    "h": 27.273,
    "severity": "info",
    "v_rel_kms": 8.55425475908129
  },
  "2026 MQ2:2026-Jun-28 11:53": {
    "dist_au": 0.00331560208480221,
    "dist_ld": 1.2906197293897275,
    "h": 27.514,
    "severity": "high",
    "v_rel_kms": 11.0887572598237
  },
  "2026 MR:2026-Jun-20 05:11": {
    "dist_au": 0.00292369195268502,
    "dist_ld": 1.1380661551907434,
    "h": 28.676,
    "severity": "high",
    "v_rel_kms": 8.48519509113184
  },
  "2026 MX1:2026-Jun-23 13:37": {
    "dist_au": 0.00106829344886658,
    "dist_ld": 0.4158401902945037,
    "h": 27.98,
    "severity": "critical",
    "v_rel_kms": 10.9328250950723
  },
  "2026 MY1:2026-Jun-19 19:29": {
    "dist_au": 0.0024649912005934,
    "dist_ld": 0.9595138966887505,
    "h": 27.171,
    "severity": "critical",
    "v_rel_kms": 8.18462012155597
  }
}
