{
  "2025 MB90:2026-Jul-19 02:04": {
    "dist_au": 0.012732398177755,
    "dist_ld": 4.956169006521993,
    "h": 24.11,
    "severity": "info",
    "v_rel_kms": 9.58018384424692
  },
  "2026 MJ1:2026-Jun-30 01:40": {
    "dist_au": 0.00388376606115262,
    "dist_ld": 1.5117812616397899,
    "h": 27.272,
    "severity": "high",
    "v_rel_kms": 4.32969457723231
  },
  "2026 NC:2026-Jul-07 12:22": {
    "dist_au": 0.0100231313169724,
    "dist_ld": 3.901569216415882,
    "h": 25.909,
    "severity": "info",
    "v_rel_kms": 14.2353255665944
  }
}
