{
  "2025 MB90:2026-Jul-19 02:04": {
    "dist_au": 0.012732398177755,
    "dist_ld": 4.956169006521993,
    "h": 24.11,
    "severity": "info",
    "v_rel_kms": 9.58018384424692
  },
  "2026 NC:2026-Jul-07 12:22": {
    "dist_au": 0.0100231313169724,
    "dist_ld": 3.901569216415882,
    "h": 25.909,
    "severity": "info",
    "v_rel_kms": 14.2353255665944
  },
  "2026 NP:2026-Jul-06 15:21": {
    "dist_au": 0.0005465496891435,
    "dist_ld": 0.21274803002861034,
    "h": 27.195,
    "severity": "critical",
    "v_rel_kms": 13.0442873936307
  },
  "2026 NS:2026-Jul-06 18:18": {
    "dist_au": 0.00662933440474686,
    "dist_ld": 2.5805116406176953,
    "h": 26.561,
    "severity": "high",
    "v_rel_kms": 9.56525271948498
  }
}
