{
  "2025 AL2:2026-Aug-16 22:05": {
    "dist_au": 0.00562955897128737,
    "dist_ld": 2.1913425345610626,
    "h": 22.75,
    "severity": "high",
    "v_rel_kms": 12.3980901905296
  },
  "2025 MB90:2026-Jul-19 02:04": {
    "dist_au": 0.0127323603863269,
    "dist_ld": 4.956154295962203,
    "h": 24.11,
    "severity": "info",
    "v_rel_kms": 9.58011185684195
  },
  "2026 OA:2026-Jul-15 08:54": {
    "dist_au": 0.00633284505279097,
    "dist_ld": 2.4651012272444413,
    "h": 26.882,
    "severity": "high",
    "v_rel_kms": 18.9423045418627
  },
  "2026 OB1:2026-Jul-25 17:11": {
    "dist_au": 0.00577318928667064,
    "dist_ld": 2.247251571300366,
    "h": 26.123,
    "severity": "high",
    "v_rel_kms": 22.33321631471
  },
  "2026 OB:2026-Jul-14 08:33": {
    "dist_au": 0.00670146747020849,
    "dist_ld": 2.6085899066595912,
    "h": 26.67,
    "severity": "high",
    "v_rel_kms": 11.2990356353674
  },
  "2026 OC:2026-Jul-14 10:04": {
    "dist_au": 0.00465855168346754,
    "dist_ld": 1.8133716167643206,
    "h": 27.291,
    "severity": "high",
    "v_rel_kms": 15.0777538438942
  },
  "2026 OD:2026-Jul-25 09:38": {
    "dist_au": 0.0118662511564383,
    "dist_ld": 4.619015631155429,
    "h": 23.452,
    "severity": "info",
    "v_rel_kms": 9.45075471430682
  },
  "2026 OG:2026-Jul-16 07:51": {
    "dist_au": 0.00285709156081907,
    "dist_ld": 1.1121415184192565,
    "h": 29.206,
    "severity": "high",
    "v_rel_kms": 9.53906455128333
  },
  "2026 OK:2026-Jul-15 13:29": {
    "dist_au": 0.00436024741151466,
    "dist_ld": 1.697254733948875,
    "h": 25.872,
    "severity": "high",
    "v_rel_kms": 8.29474069025951
  },
  "2026 OM:2026-Jul-14 23:26": {
    "dist_au": 0.0118803897996046,
    "dist_ld": 4.624519190192526,
    "h": 27.498,
    "severity": "info",
    "v_rel_kms": 4.69415571211879
  },
  "2026 OS:2026-Aug-01 20:03": {
    "dist_au": 0.00787734975910887,
    "dist_ld": 3.066309754421514,
    "h": 28.065,
    "severity": "info",
    "v_rel_kms": 5.84322006435416
  },
  "2026 OY:2026-Jul-20 21:36": {
    "dist_au": 0.00650366495353956,
    "dist_ld": 2.531593987364562,
    "h": 28.633,
    "severity": "high",
    "v_rel_kms": 7.80694480245921
  }
}
