{
  "2026 MC2:2026-Jun-25 19:00": {
    "dist_au": 0.00760321187470138,
    "dist_ld": 2.9595997955240874,
    "h": 28.325,
    "severity": "high",
    "v_rel_kms": 3.05528286639227
  },
  "2026 MJ1:2026-Jun-30 01:40": {
    "dist_au": 0.00388805998533947,
    "dist_ld": 1.5134526996261073,
    "h": 27.26,
    "severity": "high",
    "v_rel_kms": 4.33382552882386
  },
  "2026 MN2:2026-Jun-25 15:07": {
    "dist_au": 0.0102719344770493,
    "dist_ld": 3.99841746868404,
    "h": 26.873,
    "severity": "info",
    "v_rel_kms": 7.55996541334867
  },
  "2026 MQ2:2026-Jun-28 11:39": {
    "dist_au": 0.00330701706216875,
    "dist_ld": 1.2872779533549046,
    "h": 27.525,
    "severity": "high",
    "v_rel_kms": 11.1057621053534
  },
  "2026 MV3:2026-Jun-24 15:32": {
    "dist_au": 0.0110786841399767,
    "dist_ld": 4.312450035024018,
    "h": 24.292,
    "severity": "info",
    "v_rel_kms": 21.6138769873609
  },
  "2026 MX1:2026-Jun-23 13:37": {
    "dist_au": 0.00106829344886658,
    "dist_ld": 0.4158401902945037,
    "h": 27.98,
    "severity": "critical",
    "v_rel_kms": 10.9328250950723
  }
}
