{
  "2025 MB90:2026-Jul-19 02:04": {
    "dist_au": 0.0127323074667725,
    "dist_ld": 4.956133696680615,
    "h": 24.11,
    "severity": "info",
    "v_rel_kms": 9.58016485165603
  },
  "2026 NK1:2026-Jul-12 22:29": {
    "dist_au": 0.00297130687972527,
    "dist_ld": 1.1566005759927092,
    "h": 28.195,
    "severity": "high",
    "v_rel_kms": 11.3389393703043
  },
  "2026 NL1:2026-Jul-13 18:22": {
    "dist_au": 0.00552136823779245,
    "dist_ld": 2.149228586139529,
    "h": 28.404,
    "severity": "high",
    "v_rel_kms": 5.50965981502332
  }
}
