{
  "2025 MB90:2026-Jul-19 02:04": {
    "dist_au": 0.012732398177755,
    "dist_ld": 4.956169006521993,
    "h": 24.11,
    "severity": "info",
    "v_rel_kms": 9.58018384424692
  },
  "2026 NC:2026-Jul-07 12:22": {
    "dist_au": 0.0100231313169724,
    "dist_ld": 3.901569216415882,
    "h": 25.909,
    "severity": "info",
    "v_rel_kms": 14.2353255665944
  },
  "2026 NK1:2026-Jul-12 22:28": {
    "dist_au": 0.00297275158345258,
    "dist_ld": 1.1571629363381004,
    "h": 28.083,
    "severity": "high",
    "v_rel_kms": 11.3467486969969
  },
  "2026 NL1:2026-Jul-13 18:22": {
    "dist_au": 0.00551871331301314,
    "dist_ld": 2.148195139358949,
    "h": 28.19,
    "severity": "high",
    "v_rel_kms": 5.51034738291417
  },
  "2026 NP:2026-Jul-06 15:21": {
    "dist_au": 0.0005465496891435,
    "dist_ld": 0.21274803002861034,
    "h": 27.195,
    "severity": "critical",
    "v_rel_kms": 13.0442873936307
  },
  "2026 NS:2026-Jul-06 18:18": {
    "dist_au": 0.00662936499975426,
    "dist_ld": 2.580523549923807,
    "h": 26.551,
    "severity": "high",
    "v_rel_kms": 9.56528847132815
  },
  "2026 NX:2026-Jul-06 14:38": {
    "dist_au": 0.00175456469506489,
    "dist_ld": 0.6829757473977773,
    "h": 28.123,
    "severity": "critical",
    "v_rel_kms": 7.89534648356676
  },
  "2026 NZ:2026-Jul-07 19:11": {
    "dist_au": 0.00823261104498337,
    "dist_ld": 3.204597526268342,
    "h": 26.704,
    "severity": "info",
    "v_rel_kms": 15.7577717941642
  }
}
