{
  "2025 AL2:2026-Aug-16 22:05": {
    "dist_au": 0.00562944001330116,
    "dist_ld": 2.1912962293893186,
    "h": 22.75,
    "severity": "high",
    "v_rel_kms": 12.3980849318874
  },
  "2025 MB90:2026-Jul-19 02:04": {
    "dist_au": 0.012732341322817,
    "dist_ld": 4.956146875366679,
    "h": 24.11,
    "severity": "info",
    "v_rel_kms": 9.5801198785721
  },
  "2026 NK1:2026-Jul-12 22:29": {
    "dist_au": 0.00297130052630662,
    "dist_ld": 1.156598102883075,
    "h": 28.204,
    "severity": "high",
    "v_rel_kms": 11.3389213580262
  },
  "2026 NL1:2026-Jul-13 18:22": {
    "dist_au": 0.00552136823779245,
    "dist_ld": 2.149228586139529,
    "h": 28.404,
    "severity": "high",
    "v_rel_kms": 5.50965981502332
  },
  "2026 OA:2026-Jul-15 08:54": {
    "dist_au": 0.00633284505279097,
    "dist_ld": 2.4651012272444413,
    "h": 26.882,
    "severity": "high",
    "v_rel_kms": 18.9423045418627
  },
  "2026 OB:2026-Jul-14 08:33": {
    "dist_au": 0.00670203913306764,
    "dist_ld": 2.6088124301547837,
    "h": 26.723,
    "severity": "high",
    "v_rel_kms": 11.2981747949391
  },
  "2026 OC:2026-Jul-14 10:04": {
    "dist_au": 0.00465855168346754,
    "dist_ld": 1.8133716167643206,
    "h": 27.291,
    "severity": "high",
    "v_rel_kms": 15.0777538438942
  },
  "2026 OD:2026-Jul-25 09:07": {
    "dist_au": 0.0118358963877931,
    "dist_ld": 4.6071998395457765,
    "h": 23.469,
    "severity": "info",
    "v_rel_kms": 9.48648624356327
  },
  "2026 OG:2026-Jul-16 07:51": {
    "dist_au": 0.00285709156081907,
    "dist_ld": 1.1121415184192565,
    "h": 29.206,
    "severity": "high",
    "v_rel_kms": 9.53906455128333
  },
  "2026 OK:2026-Jul-15 13:36": {
    "dist_au": 0.00434598047778182,
    "dist_ld": 1.6917012369722928,
    "h": 25.878,
    "severity": "high",
    "v_rel_kms": 8.29543285977728
  }
}
