{
  "2025 AL2:2026-Aug-16 22:05": {
    "dist_au": 0.00562955897128737,
    "dist_ld": 2.1913425345610626,
    "h": 22.75,
    "severity": "high",
    "v_rel_kms": 12.3980901905296
  },
  "2025 MB90:2026-Jul-19 02:04": {
    "dist_au": 0.0127323628383517,
    "dist_ld": 4.956155250428844,
    "h": 24.11,
    "severity": "info",
    "v_rel_kms": 9.58011197813165
  },
  "2026 OB1:2026-Jul-25 17:11": {
    "dist_au": 0.00577318928667064,
    "dist_ld": 2.247251571300366,
    "h": 26.123,
    "severity": "high",
    "v_rel_kms": 22.33321631471
  },
  "2026 OD:2026-Jul-25 09:36": {
    "dist_au": 0.0118665612344384,
    "dist_ld": 4.619136331038692,
    "h": 23.402,
    "severity": "info",
    "v_rel_kms": 9.45681669040403
  },
  "2026 OG:2026-Jul-16 07:52": {
    "dist_au": 0.00285172520654635,
    "dist_ld": 1.1100526300297198,
    "h": 29.285,
    "severity": "high",
    "v_rel_kms": 9.53177284449842
  },
  "2026 OH1:2026-Jul-19 03:21": {
    "dist_au": 0.00343076454664208,
    "dist_ld": 1.3354474685255273,
    "h": 25.992,
    "severity": "high",
    "v_rel_kms": 12.0472864455617
  },
  "2026 OQ1:2026-Jul-22 07:00": {
    "dist_au": 0.00581787469237456,
    "dist_ld": 2.2646456568215494,
    "h": 28.57,
    "severity": "high",
    "v_rel_kms": 5.22243305412404
  },
  "2026 OS:2026-Aug-01 20:03": {
    "dist_au": 0.00787734975910887,
    "dist_ld": 3.066309754421514,
    "h": 28.065,
    "severity": "info",
    "v_rel_kms": 5.84322006435416
  },
  "2026 OY:2026-Jul-20 21:36": {
    "dist_au": 0.00650366495353956,
    "dist_ld": 2.531593987364562,
    "h": 28.633,
    "severity": "high",
    "v_rel_kms": 7.80694480245921
  }
}
