{
  "2025 AL2:2026-Aug-16 22:05": {
    "dist_au": 0.00562944001330116,
    "dist_ld": 2.1912962293893186,
    "h": 22.75,
    "severity": "high",
    "v_rel_kms": 12.3980849318874
  },
  "2025 MB90:2026-Jul-19 02:04": {
    "dist_au": 0.0127322847153835,
    "dist_ld": 4.956124840554106,
    "h": 24.11,
    "severity": "info",
    "v_rel_kms": 9.58015134632901
  },
  "2026 NK1:2026-Jul-12 22:29": {
    "dist_au": 0.00297130052630662,
    "dist_ld": 1.156598102883075,
    "h": 28.204,
    "severity": "high",
    "v_rel_kms": 11.3389213580262
  },
  "2026 NL1:2026-Jul-13 18:22": {
    "dist_au": 0.00552136823779245,
    "dist_ld": 2.149228586139529,
    "h": 28.404,
    "severity": "high",
    "v_rel_kms": 5.50965981502332
  },
  "2026 OA:2026-Jul-15 08:55": {
    "dist_au": 0.006345322400663,
    "dist_ld": 2.46995811625652,
    "h": 26.774,
    "severity": "high",
    "v_rel_kms": 19.0023511343619
  },
  "2026 OB:2026-Jul-14 08:32": {
    "dist_au": 0.00670140409681015,
    "dist_ld": 2.60856523815109,
    "h": 26.669,
    "severity": "high",
    "v_rel_kms": 11.2940369692411
  },
  "2026 OC:2026-Jul-14 10:04": {
    "dist_au": 0.00465855168346754,
    "dist_ld": 1.8133716167643206,
    "h": 27.291,
    "severity": "high",
    "v_rel_kms": 15.0777538438942
  },
  "2026 OD:2026-Jul-25 08:30": {
    "dist_au": 0.0117902398877576,
    "dist_ld": 4.589427749224445,
    "h": 23.468,
    "severity": "info",
    "v_rel_kms": 9.51932220814534
  },
  "2026 OG:2026-Jul-16 07:51": {
    "dist_au": 0.00285709156081907,
    "dist_ld": 1.1121415184192565,
    "h": 29.206,
    "severity": "high",
    "v_rel_kms": 9.53906455128333
  }
}
