{
  "2025 MB90:2026-Jul-19 02:04": {
    "dist_au": 0.0127322970528144,
    "dist_ld": 4.956129642979525,
    "h": 24.11,
    "severity": "info",
    "v_rel_kms": 9.58014961460661
  },
  "2026 NK1:2026-Jul-12 22:29": {
    "dist_au": 0.00297130052630662,
    "dist_ld": 1.156598102883075,
    "h": 28.204,
    "severity": "high",
    "v_rel_kms": 11.3389213580262
  },
  "2026 NL1:2026-Jul-13 18:22": {
    "dist_au": 0.00552136823779245,
    "dist_ld": 2.149228586139529,
    "h": 28.404,
    "severity": "high",
    "v_rel_kms": 5.50965981502332
  },
  "2026 OA:2026-Jul-15 08:55": {
    "dist_au": 0.00634980893995506,
    "dist_ld": 2.4717045309284003,
    "h": 26.762,
    "severity": "high",
    "v_rel_kms": 19.0237305007774
  },
  "2026 OB:2026-Jul-14 08:32": {
    "dist_au": 0.00670140409681015,
    "dist_ld": 2.60856523815109,
    "h": 26.669,
    "severity": "high",
    "v_rel_kms": 11.2940369692411
  }
}
