{
  "2025 MB90:2026-Jul-19 02:04": {
    "dist_au": 0.0127323274018185,
    "dist_ld": 4.956141456527248,
    "h": 24.11,
    "severity": "info",
    "v_rel_kms": 9.58016868496964
  },
  "2026 NC:2026-Jul-07 12:22": {
    "dist_au": 0.0100665445486288,
    "dist_ld": 3.918468099894434,
    "h": 25.909,
    "severity": "info",
    "v_rel_kms": 14.2972591277699
  },
  "2026 NK1:2026-Jul-12 22:29": {
    "dist_au": 0.00297164212540243,
    "dist_ld": 1.156731072558361,
    "h": 28.205,
    "severity": "high",
    "v_rel_kms": 11.3402021561334
  },
  "2026 NL1:2026-Jul-13 18:22": {
    "dist_au": 0.00552048625781296,
    "dist_ld": 2.1488852696819616,
    "h": 28.424,
    "severity": "high",
    "v_rel_kms": 5.50880313669407
  },
  "2026 NZ:2026-Jul-07 19:11": {
    "dist_au": 0.0082311772846034,
    "dist_ld": 3.204039425692254,
    "h": 26.74,
    "severity": "info",
    "v_rel_kms": 15.7551541159696
  }
}
