{
  "2025 MB90:2026-Jul-19 02:04": {
    "dist_au": 0.0127323573623768,
    "dist_ld": 4.95615311886991,
    "h": 24.11,
    "severity": "info",
    "v_rel_kms": 9.58017266682188
  },
  "2026 NC:2026-Jul-07 12:22": {
    "dist_au": 0.0100665445486288,
    "dist_ld": 3.918468099894434,
    "h": 25.909,
    "severity": "info",
    "v_rel_kms": 14.2972591277699
  },
  "2026 NK1:2026-Jul-12 22:29": {
    "dist_au": 0.00297164212540243,
    "dist_ld": 1.156731072558361,
    "h": 28.205,
    "severity": "high",
    "v_rel_kms": 11.3402021561334
  },
  "2026 NL1:2026-Jul-13 18:22": {
    "dist_au": 0.00552001473012148,
    "dist_ld": 2.1487017244536704,
    "h": 28.402,
    "severity": "high",
    "v_rel_kms": 5.50835869617082
  },
  "2026 NP:2026-Jul-06 15:21": {
    "dist_au": 0.000546690795236192,
    "dist_ld": 0.212802956495209,
    "h": 27.216,
    "severity": "critical",
    "v_rel_kms": 13.0461071291226
  },
  "2026 NR1:2026-Jul-06 15:38": {
    "dist_au": 0.0125418766053456,
    "dist_ld": 4.882007242252082,
    "h": 27.243,
    "severity": "info",
    "v_rel_kms": 6.56880465874193
  },
  "2026 NS:2026-Jul-06 18:18": {
    "dist_au": 0.00662933493763324,
    "dist_ld": 2.5805118480471934,
    "h": 26.581,
    "severity": "high",
    "v_rel_kms": 9.56519319168872
  },
  "2026 NX:2026-Jul-06 14:38": {
    "dist_au": 0.00175456469506489,
    "dist_ld": 0.6829757473977773,
    "h": 28.123,
    "severity": "critical",
    "v_rel_kms": 7.89534648356676
  },
  "2026 NZ:2026-Jul-07 19:11": {
    "dist_au": 0.0082311772846034,
    "dist_ld": 3.204039425692254,
    "h": 26.74,
    "severity": "info",
    "v_rel_kms": 15.7551541159696
  }
}
